URL,Lastmod,Changefreq,Priority
https://visionboard.heymanifestation.com/app/community,2025-04-27,weekly,0.9
https://visionboard.heymanifestation.com/app/create,2025-04-27,weekly,0.9
https://visionboard.heymanifestation.com/app/home,2025-04-27,weekly,0.9
https://visionboard.heymanifestation.com/app/inspiration,2025-04-27,weekly,0.9
https://visionboard.heymanifestation.com/app/profile,2025-04-27,weekly,0.9
https://visionboard.heymanifestation.com/app/progress,2025-04-27,weekly,0.9
https://visionboard.heymanifestation.com/intro-en,2025-04-27,weekly,0.9
https://visionboard.heymanifestation.com/intro-zh,2025-04-27,weekly,0.9
https://visionboard.heymanifestation.com/privacy,2025-04-27,weekly,0.9
https://visionboard.heymanifestation.com/terms,2025-04-27,weekly,0.9
https://visionboard.heymanifestation.com/zh/app/community,2025-04-27,weekly,0.9
https://visionboard.heymanifestation.com/zh/app/create,2025-04-27,weekly,0.9
https://visionboard.heymanifestation.com/zh/app/home,2025-04-27,weekly,0.9
https://visionboard.heymanifestation.com/zh/app/inspiration,2025-04-27,weekly,0.9
https://visionboard.heymanifestation.com/zh/app/profile,2025-04-27,weekly,0.9
https://visionboard.heymanifestation.com/zh/app/progress,2025-04-27,weekly,0.9
https://visionboard.heymanifestation.com/zh/intro-en,2025-04-27,weekly,0.9
https://visionboard.heymanifestation.com/zh/intro-zh,2025-04-27,weekly,0.9
https://visionboard.heymanifestation.com/zh/privacy,2025-04-27,weekly,0.9
https://visionboard.heymanifestation.com/zh/terms,2025-04-27,weekly,0.9
https://visionboard.heymanifestation.com/,2025-04-27,daily,1.0
https://visionboard.heymanifestation.com/zh,2025-04-27,daily,1.0